שם הזווית,ההתנגדות,החלום,הטריגר,הכאב,המסר השיווקי,טון מוביל,רמת מודעות,תיאור הסיטואציה
The Dieter ⚖️,"• ""זה 450 קלוריות! יותר מדי!""
• ""דיאטה = לא חטיפים""
• ""אני מעדיף/ה ירקות""","חטיף שמשביע לשעות, לא יוצר spike של סוכר, ונותן אנרגיה יציבה – בלי תחושת אשמה","• ""אכלתי חצי בר ב-10 בבוקר ולא הייתי רעבה עד 2""
• גילה/תה שזה Low GI
• מישהו המליץ בפורום דיאטה","• ""כל חטיף שובר לי את הדיאטה""
• פחד מסוכרים מוסתרים
• ""אני רעב/ה כל הזמן ואז ממלא/ת על ג'אנק""",שובע ל-4 שעות בלי spike. סיבים תזונתיים גבוהים + אינדקס גליקמי נמוך = אנרגיה יציבה. בר אחד של 70g יכול להחליף ארוחה – בלי הרגשת חוסר.,Empathetic Evidence-based,Solution Aware,"שומר/ת על משקל או בדיאטה. מחפש/ת שובע ממושך, סיבים גבוהים, ו-GI נמוך. נמנע/ת מחטיפים כי ""יש בהם יותר מדי קלוריות""."
The Snack Upgrader ✨,"• ""ניסיתי חטיפים בריאים, הם קרטון""
• ""אני לא מוכן/ה לוותר על טעם""
• ""זה בטח יקר""",חטיף שהוא גם טעים וגם בריא – upgrade אמיתי בלי ויתור,"• טעם/ה FlapJack פעם אחת ונדבק/ה
• קרא/ה ביקורת של ""finally a healthy bar that tastes good""
• גילה/תה שזה Hand-made","• ""אני יודע/ת שהחטיפים שלי זבל – אבל מה אני עושה?""
• תחושת אשמה אחרי כל חטיף
• פחד שבריא = לא טעים","זה לא 'חטיף בריאותי'. זה חטיף טעים – שבמקרה גם עשוי משיבולת שועל פרמיום, בעבודת יד, עם 12+ טעמים מטורפים. שדרגו את החטיף, בלי לוותר על השוקולד.",Playful Direct,Problem Aware,"אוכל/ת חטיפים כל יום – ביסקוויטים, שוקולד, וופלים. יודע/ת שזה לא טוב. רוצה לשדרג – אבל לא לוותר על טעם."
The Clean Eater 🌱,"• ""מאיפה השיבולת שועל? מה האיכות?""
• ""יש בזה שמן דקלים?""
• ""אני צריך/ה לראות את רשימת המרכיבים""","למצוא חטיף שעובר את מבחן התווית – רכיבים קצרים, טבעיים, שאפשר לסמוך עליהם","• קרא/ה את רשימת המרכיבים – וזה היה קצר ומובן
• גילה/תה שיש גרסאות ללא שמן דקלים
• חיפוש ""natural oat bar no palm oil""","• ""99% מחטיפי האנרגיה מלאי כימיקלים""
• פחד משמן דקלים
• תסכול: כל מה שנראה טבעי – בסוף לא","רשימת מרכיבים שאתם באמת מבינים: שיבולת שועל (49%), קוקוס, פירות, ותו לא. ללא מרכיבים מלאכותיים. גרסאות ללא שמן דקלים. צמחוני. תוצרת אירופה בתקן הגבוה ביותר.",Transparent Factual,Solution Aware,"מודע/ת לתזונה, קורא/ת תוויות, צמחוני/ת או שואף/ת לכך. מחפש/ת מוצרים טבעיים ומינימלית מעובדים."
The Health-Conscious Parent 👨‍👩‍👧,"• ""הילדים לא יאכלו משהו בריא""
• ""זה יקר מדי לכל יום""
• ""כל החטיפים ה'בריאים' מלאי סוכר""","חטיף שהילדים ממש אוהבים, שההורים לא מרגישים אשמה לתת – ושגם טעים","• ראה/תה את רשימת המרכיבים של החטיף הנוכחי
• ילד/ה חזר/ה רעב/ה מביה""ס
• חיפוש ""healthy school snack""","• ""הילדים אוכלים רק ג'אנק""
• אשמה שנותן/ת להם ממתקים
• פחד מסוכר מוסף ומרכיבים מלאכותיים","חטיף שהילדים יבקשו עוד – ושאתם תרגישו טוב לתת. שיבולת שועל אמיתית, בעבודת יד, עם טעמים שילדים אוהבים. בלי שמן דקלים, בלי מלאכותיות.",Empathetic Reassuring,Problem Aware,הורה שרוצה לתת לילדים חטיפים בריאים לבית הספר. נלחם/ת מול שוקולדים וממתקים. קורא/ת תוויות.
The Fitness Enthusiast 💪,"• ""אין בזה מספיק חלבון""
• ""יש בזה יותר מדי סוכר""
• ""אני צריך/ה משהו ספציפי לספורט""","דלק טבעי לפני/אחרי אימון – טעים, עם GI נמוך, שמחזיר גליקוגן לשרירים","• אימון בוקר ואין מה לאכול לפני
• מרגיש/ה ריק/ה אחרי אימון
• ראה/תה ספורטאי/ת ממליץ על flapjacks","• ""לא מצליח/ה למצוא חטיף שנותן אנרגיה בלי crash""
• פחד ממרכיבים מלאכותיים
• חוסר סיפוק מחטיפי חלבון יבשים",אנרגיה ממושכת עם GI נמוך – לא ספייק ו-crash. שיבולת שועל פרמיום מאנגליה שמחזירה גליקוגן לשרירים. גרסאות עם BCAA וויטמין D לספורטאים רציניים.,Assertive Data-driven,Solution Aware,מתאמן/ת 3-5 פעמים בשבוע. מחפש/ת תזונה שתומכת בביצועים. רגיל/ה לחטיפי חלבון אבל רוצה משהו יותר טבעי.
The Busy Professional 🏢,"• ""חטיפי אנרגיה תמיד מלאכותיים""
• ""זה בטח לא טעים אם זה בריא""
• ""יש לי כבר חטיף שאני אוהב/ת""","חטיף שנותן אנרגיה אמיתית, טעים, לא מלאכותי – ושאפשר לשלוף מהמגירה תוך שנייה","• קריסת אנרגיה ב-3 אחה""צ
• גילה/ה שחטיף הגרנולה הרגיל מלא סוכר
• חיפוש באמזון ""healthy energy bar""","• ""אני אוכל/ת זבל כל יום כי אין לי זמן""
• פחד מקריסת אנרגיה באמצע יום עבודה
• תחושת אשמה על הזנחת הבריאות","FlapJack מחליף את הארוחה שלא הספקת להכין. 450 קלוריות של אנרגיה אמיתית משיבולת שועל פרמיום – עשוי בעבודת יד, לא במפעל. שלוף, אכול, המשך.",Direct Practical,Problem Aware,"עובד/ת שעות ארוכות, מדלג/ת על ארוחות, חי/ה על קפה וחטיפים מהאוטומט. אין זמן לבשל או להכין אוכל מהבית."
The Adventurer 🥾,"• ""יש לי כבר ג'ל אנרגיה""
• ""זה כבד מדי לטיול""
• ""לא בטוח שזה מחזיק בחום""","חטיף טבעי, קומפקטי, שנותן אנרגיה ממושכת – בלי הגעה ל-""wall""","• טיול ארוך בלי מספיק אוכל
• ראה/תה רוכב/ת עם FlapJack
• חיפוש ""hiking energy bar natural""","• ""ג'לים וחטיפים מלאכותיים לא עושים לי את זה""
• צריך משהו שיחזיק שעות
• פחד שייגמר לו/לה הכוח באמצע","100 גרם בתרמיל – שעות של אנרגיה על השביל. שיבולת שועל אמיתית עם פחמימות מאוזנות ליציבות מקסימלית. ניידות מושלמת, אריזה קומפקטית, טעם שעושה חשק לעוד.",Energetic Inspiring,Solution Aware,"מטייל/ת, רוכב/ת אופניים, מחפש/ת אנרגיה ניידת. צריך/ה משהו שלא נמס, קל לשאת, ונותן אנרגיה לטווח ארוך."